<?xml version="1.0" encoding="utf-8" ?><dwsync><file name="index.html" server="ftp.marioliguori.it//public_html/" local="3787898140" remote="3785239800" Dst="-1" /><file name="transition.html" server="ftp.marioliguori.it//public_html/wr01/dispensa/" local="3787895915" remote="3787898280" Dst="-1" /><file name="iframes.html" server="ftp.marioliguori.it//public_html/wr01/dispensa/" local="3787895048" remote="3787898280" Dst="-1" /><file name="transform.html" server="ftp.marioliguori.it//public_html/wr01/dispensa/" local="3787721189" remote="3787898280" Dst="-1" /><file name="index.html" server="ftp.marioliguori.it//public_html/wr01/dispensa/" local="3787721158" remote="3787898280" Dst="-1" /><file name="testi.html" server="ftp.marioliguori.it//public_html/wr01/dispensa/" local="3787721183" remote="3787898280" Dst="-1" /><file name="posizionamento.html" server="ftp.marioliguori.it//public_html/wr01/dispensa/" local="3787895862" remote="3787898280" Dst="-1" /><file name="esempio-scheda-moto.html" server="ftp.marioliguori.it//public_html/wr01/dispensa/" local="3788323785" remote="3788323800" Dst="-1" /><file name="box-model.html" server="ftp.marioliguori.it//public_html/wr01/dispensa/" local="3787895712" remote="3787898280" Dst="-1" /><file name="tabelle.html" server="ftp.marioliguori.it//public_html/wr01/dispensa/" local="3787721175" remote="3787898280" Dst="-1" /><file name="fogli-di-stile.html" server="ftp.marioliguori.it//public_html/wr01/dispensa/" local="3787721141" remote="3787898280" Dst="-1" /><file name="flexbox.html" server="ftp.marioliguori.it//public_html/wr01/dispensa/" local="3787721129" remote="3787898280" Dst="-1" /><file name="animation.html" server="ftp.marioliguori.it//public_html/wr01/dispensa/" local="3787721091" remote="3787898280" Dst="-1" /><file name="floating.html" server="ftp.marioliguori.it//public_html/wr01/dispensa/" local="3787721135" remote="3787898280" Dst="-1" /><file name="immagini.html" server="ftp.marioliguori.it//public_html/wr01/dispensa/" local="3787893892" remote="3787898280" Dst="-1" /><file name="links.html" server="ftp.marioliguori.it//public_html/wr01/dispensa/" local="3787893309" remote="3787898280" Dst="-1" /><file name="test_menu.html" server="ftp.marioliguori.it//public_html/wr01/dispensa/" local="3784700604" remote="3787898280" Dst="-1" /><file name="block-inline.html" server="ftp.marioliguori.it//public_html/wr01/dispensa/" local="3787895823" remote="3787898280" Dst="-1" /><file name="es_foglidistile.html" server="ftp.marioliguori.it//public_html/wr01/dispensa/" local="3782887363" remote="3787898280" Dst="-1" /><file name="responsive-design.html" server="ftp.marioliguori.it//public_html/wr01/dispensa/" local="3787725274" remote="3787898280" Dst="-1" /></dwsync>