<?xml version="1.0" encoding="utf-8" ?><dwsync><file name="v4-shims.css" server="ftp.marioliguori.it//public_html/wr01/dispensa/" local="3784138094" remote="3787898280" Dst="-1" /><file name="brands.min.css" server="ftp.marioliguori.it//public_html/wr01/dispensa/" local="3784138094" remote="3787898280" Dst="-1" /><file name="all.css" server="ftp.marioliguori.it//public_html/wr01/dispensa/" local="3784138094" remote="3787898280" Dst="-1" /><file name="solid.css" server="ftp.marioliguori.it//public_html/wr01/dispensa/" local="3784138094" remote="3787898280" Dst="-1" /><file name="brands.css" server="ftp.marioliguori.it//public_html/wr01/dispensa/" local="3784138094" remote="3787898280" Dst="-1" /><file name="regular.css" server="ftp.marioliguori.it//public_html/wr01/dispensa/" local="3784138094" remote="3787898280" Dst="-1" /><file name="all.min.css" server="ftp.marioliguori.it//public_html/wr01/dispensa/" local="3784138094" remote="3787898280" Dst="-1" /><file name="v5-font-face.css" server="ftp.marioliguori.it//public_html/wr01/dispensa/" local="3784138094" remote="3787898280" Dst="-1" /><file name="svg-with-js.min.css" server="ftp.marioliguori.it//public_html/wr01/dispensa/" local="3784138094" remote="3787898280" Dst="-1" /><file name="v4-shims.min.css" server="ftp.marioliguori.it//public_html/wr01/dispensa/" local="3784138094" remote="3787898280" Dst="-1" /><file name="fontawesome.min.css" server="ftp.marioliguori.it//public_html/wr01/dispensa/" local="3784138094" remote="3787898280" Dst="-1" /><file name="svg-with-js.css" server="ftp.marioliguori.it//public_html/wr01/dispensa/" local="3784138094" remote="3787898280" Dst="-1" /><file name="v4-font-face.css" server="ftp.marioliguori.it//public_html/wr01/dispensa/" local="3784138094" remote="3787898280" Dst="-1" /><file name="v4-font-face.min.css" server="ftp.marioliguori.it//public_html/wr01/dispensa/" local="3784138094" remote="3787898280" Dst="-1" /><file name="v5-font-face.min.css" server="ftp.marioliguori.it//public_html/wr01/dispensa/" local="3784138094" remote="3787898280" Dst="-1" /><file name="regular.min.css" server="ftp.marioliguori.it//public_html/wr01/dispensa/" local="3784138094" remote="3787898280" Dst="-1" /><file name="solid.min.css" server="ftp.marioliguori.it//public_html/wr01/dispensa/" local="3784138094" remote="3787898280" Dst="-1" /><file name="fontawesome.css" server="ftp.marioliguori.it//public_html/wr01/dispensa/" local="3784138094" remote="3787898280" Dst="-1" /></dwsync>