<?xml version="1.0" encoding="utf-8" ?><dwsync><file name="fa-regular-400.woff2" server="ftp.marioliguori.it//public_html/wr01/dispensa/" local="3784138094" remote="3787898280" Dst="-1" /><file name="fa-v4compatibility.ttf" server="ftp.marioliguori.it//public_html/wr01/dispensa/" local="3784138094" remote="3787898280" Dst="-1" /><file name="fa-solid-900.ttf" server="ftp.marioliguori.it//public_html/wr01/dispensa/" local="3784138094" remote="3787898280" Dst="-1" /><file name="fa-regular-400.ttf" server="ftp.marioliguori.it//public_html/wr01/dispensa/" local="3784138094" remote="3787898280" Dst="-1" /><file name="fa-v4compatibility.woff2" server="ftp.marioliguori.it//public_html/wr01/dispensa/" local="3784138094" remote="3787898280" Dst="-1" /><file name="fa-solid-900.woff2" server="ftp.marioliguori.it//public_html/wr01/dispensa/" local="3784138094" remote="3787898280" Dst="-1" /><file name="fa-brands-400.woff2" server="ftp.marioliguori.it//public_html/wr01/dispensa/" local="3784138094" remote="3787898280" Dst="-1" /><file name="fa-brands-400.ttf" server="ftp.marioliguori.it//public_html/wr01/dispensa/" local="3784138094" remote="3787898280" Dst="-1" /></dwsync>