<?xml version="1.0" encoding="utf-8" ?><dwsync><file name="logo-chuck_mechanic.png" server="ftp.marioliguori.it//public_html/wr01/dispensa/" local="3782452001" remote="3787898280" Dst="-1" /><file name="ducati-scrambler-boxfoto.jpg" server="ftp.marioliguori.it//public_html/wr01/dispensa/" local="3787291985" remote="3787898280" Dst="-1" /><file name="panorama-tramonto.jpg" server="ftp.marioliguori.it//public_html/wr01/dispensa/" local="3782451931" remote="3787898280" Dst="-1" /><file name="immagine-ananas.jpg" server="ftp.marioliguori.it//public_html/wr01/dispensa/" local="3782281946" remote="3787898280" Dst="-1" /><file name="ducati-scrambler-bg.jpg" server="ftp.marioliguori.it//public_html/wr01/dispensa/" local="3783659103" remote="3787898280" Dst="-1" /><file name="flex.zip" server="ftp.marioliguori.it//public_html/wr01/dispensa/" local="3785925984" remote="3787898280" Dst="-1" /><file name="box-model.png" server="ftp.marioliguori.it//public_html/wr01/dispensa/" local="3783058927" remote="3787898280" Dst="-1" /><file name="scrambler-foto-scheda.jpg" server="ftp.marioliguori.it//public_html/wr01/dispensa/" local="3783662470" remote="3787898280" Dst="-1" /><file name="im-618170.png" server="ftp.marioliguori.it//public_html/wr01/dispensa/" local="3785478571" remote="3787898280" Dst="-1" /></dwsync>